{
  "hash": "51e56182",
  "configHash": "7ac31c69",
  "lockfileHash": "6637f85b",
  "browserHash": "ca2ccda9",
  "optimized": {
    "@angular/common": {
      "src": "../../../../../../node_modules/@angular/common/fesm2022/common.mjs",
      "file": "@angular_common.js",
      "fileHash": "e23ed9e5",
      "needsInterop": false
    },
    "@angular/common/http": {
      "src": "../../../../../../node_modules/@angular/common/fesm2022/http.mjs",
      "file": "@angular_common_http.js",
      "fileHash": "118c2417",
      "needsInterop": false
    },
    "@angular/core": {
      "src": "../../../../../../node_modules/@angular/core/fesm2022/core.mjs",
      "file": "@angular_core.js",
      "fileHash": "1e0cc02b",
      "needsInterop": false
    },
    "@angular/forms": {
      "src": "../../../../../../node_modules/@angular/forms/fesm2022/forms.mjs",
      "file": "@angular_forms.js",
      "fileHash": "a7ae5291",
      "needsInterop": false
    },
    "@angular/platform-browser": {
      "src": "../../../../../../node_modules/@angular/platform-browser/fesm2022/platform-browser.mjs",
      "file": "@angular_platform-browser.js",
      "fileHash": "2956bbe8",
      "needsInterop": false
    },
    "@angular/router": {
      "src": "../../../../../../node_modules/@angular/router/fesm2022/router.mjs",
      "file": "@angular_router.js",
      "fileHash": "777e24d2",
      "needsInterop": false
    },
    "rxjs": {
      "src": "../../../../../../node_modules/rxjs/dist/esm5/index.js",
      "file": "rxjs.js",
      "fileHash": "2c0314b1",
      "needsInterop": false
    },
    "angular-in-memory-web-api": {
      "src": "../../../../../../node_modules/angular-in-memory-web-api/fesm2022/angular-in-memory-web-api.mjs",
      "file": "angular-in-memory-web-api.js",
      "fileHash": "7ef56b48",
      "needsInterop": false
    },
    "rxjs/operators": {
      "src": "../../../../../../node_modules/rxjs/dist/esm5/operators/index.js",
      "file": "rxjs_operators.js",
      "fileHash": "c7677e1c",
      "needsInterop": false
    },
    "tslib": {
      "src": "../../../../../../node_modules/tslib/tslib.es6.mjs",
      "file": "tslib.js",
      "fileHash": "785ecafa",
      "needsInterop": false
    }
  },
  "chunks": {
    "chunk-SEDVB4AE": {
      "file": "chunk-SEDVB4AE.js"
    },
    "chunk-EAFTD7PW": {
      "file": "chunk-EAFTD7PW.js"
    },
    "chunk-6EGKC433": {
      "file": "chunk-6EGKC433.js"
    },
    "chunk-GAFSTPOK": {
      "file": "chunk-GAFSTPOK.js"
    },
    "chunk-33V5JWC3": {
      "file": "chunk-33V5JWC3.js"
    },
    "chunk-35WDS66D": {
      "file": "chunk-35WDS66D.js"
    },
    "chunk-VWWWCGBE": {
      "file": "chunk-VWWWCGBE.js"
    },
    "chunk-QYZCK3CB": {
      "file": "chunk-QYZCK3CB.js"
    },
    "chunk-EPAV4CNQ": {
      "file": "chunk-EPAV4CNQ.js"
    }
  }
}